[
  {
    "Id": "1234372",
    "ThreadId": "542321",
    "Html": "I am looking at doing a model binder for webforms, and I was wondering what the thinking and logic was behind putting the attribute to define the target control on to the data classes.\r<br />\n<br />\nI am tempted to do it the other way around - like in ASP.NET MVC - put the logic of what data field to bind to onto the ASP.NET control in ASPX markup. I was thinking about using the HTML5 &quot;data-.....&quot; attributes for that.\r<br />\n<br />\nAny particular reason why you chose to do it the other way around?<br />\n",
    "PostedDate": "2014-04-15T09:09:22.71-07:00",
    "UserRole": null,
    "MarkedAsAnswerDate": null
  }
]