[
  {
    "Id": "999560",
    "ThreadId": "432717",
    "Html": "Hello,\r<br />\nare you working on the promised release 2? Do you need any help?\r<br />\n<br />\nThank you\r<br />\nGerardo<br />\n",
    "PostedDate": "2013-02-11T06:22:54.607-08:00",
    "UserRole": null,
    "MarkedAsAnswerDate": null
  },
  {
    "Id": "1024576",
    "ThreadId": "432717",
    "Html": "Hi Gerardo,\r<br />\n<br />\nApologies for the late reply.\r<br />\n<br />\nI do have the release 2 in my local development environment (but not yet published). I may need to trim down some of the R2 features like validations using data annotations since FluentValidation (fluentvalidation.codeplex.com) is much, much better.\r<br />\n<br />\nPlease feel free to join this project (and will add you once I get your confirmation).\r<br />\n<br />\nCheers!\r<br />\nHandy<br />\n",
    "PostedDate": "2013-04-02T19:39:08.707-07:00",
    "UserRole": null,
    "MarkedAsAnswerDate": null
  },
  {
    "Id": "1065966",
    "ThreadId": "432717",
    "Html": "Hi, I want to try the release 2, If Possible, Let me get the relase.\r<br />\n<br />\nMany Thanks<br />\n",
    "PostedDate": "2013-07-09T00:57:39.593-07:00",
    "UserRole": null,
    "MarkedAsAnswerDate": null
  }
]