[
  {
    "Id": "718885",
    "ThreadId": "284624",
    "Html": "<p><span>It would be</span>&nbsp;<span>possible to implement the</span>&nbsp;<span>Model</span>&nbsp;<span>Binder</span>&nbsp;<span>to function</span>&nbsp;<span>similarly to</span>&nbsp;<span>binding</span>&nbsp;<span>in</span>&nbsp;<span>gridview</span><span>, or better, similarly to WPF, View-Model(xaml)</span><span>?</span><br /> <span>Using</span><span>, for example</span><span>: Text</span>&nbsp;<span>='&lt;%#</span>&nbsp;<span>Bind (\"</span><span>Client.Name</span><span>\")%</span><span>&gt; ' or Text=\"{Binding Path=\"Client.Name\", Mode=\"OneWay\"} (WPF).</span></p>\n<p><span>For with</span>&nbsp;<span>this,</span>&nbsp;<span>you can use</span>&nbsp;<span>converters,</span>&nbsp;<span>handlers</span>&nbsp;<span>and  other</span>&nbsp;<span>tools in</span>&nbsp;<span>asp.net/c#...</span></p>",
    "PostedDate": "2011-12-30T17:12:19.743-08:00",
    "UserRole": null,
    "MarkedAsAnswerDate": null
  }
]