[
  {
    "Id": "1234932",
    "ThreadId": "542482",
    "Html": "Hi, thanks very much for taking the time to write and release this code.  Its allowed me to set new standards for working with Webforms.\r<br />\n<br />\nI'm currently changing it so that I can specify a Format attribute so that for instance I can specify a short date format etc.\r<br />\n<br />\nDid you ever get around to releasing version 2?\r<br />\n<br />\nThanks.<br />\n",
    "PostedDate": "2014-04-17T00:15:53.433-07:00",
    "UserRole": null,
    "MarkedAsAnswerDate": null
  }
]