[
  {
    "Id": "283907",
    "Title": ".NET Framework 4",
    "LatestDate": "2014-04-15T09:07:25.663-07:00"
  },
  {
    "Id": "284624",
    "Title": "Method of use..",
    "LatestDate": "2011-12-30T17:12:19.743-08:00"
  },
  {
    "Id": "432717",
    "Title": "Relese 2",
    "LatestDate": "2013-07-09T00:57:39.593-07:00"
  },
  {
    "Id": "542321",
    "Title": "Why define the target control on the model class?",
    "LatestDate": "2014-04-15T09:09:22.71-07:00"
  },
  {
    "Id": "542482",
    "Title": "This has saved me a huge amount of coding!!!",
    "LatestDate": "2014-04-17T00:15:53.433-07:00"
  },
  {
    "Id": "547172",
    "Title": "Validation",
    "LatestDate": "2014-05-31T10:35:22.55-07:00"
  }
]