[
  {
    "Id": "716128",
    "ThreadId": "283907",
    "Html": "\r\n<p>I will be using &quot;dynamic&quot; in the&nbsp;.NET 4 framework version of the code to make it more readable. Thoughts?</p>\r\n",
    "PostedDate": "2011-12-22T07:27:29.4-08:00",
    "UserRole": null,
    "MarkedAsAnswerDate": null
  },
  {
    "Id": "1234371",
    "ThreadId": "283907",
    "Html": "Don't like that at all. &quot;dynamic&quot; is hard to use - no intellisense, no &quot;safety net&quot; - I avoid it whenever I can! <br />\n",
    "PostedDate": "2014-04-15T09:07:25.663-07:00",
    "UserRole": null,
    "MarkedAsAnswerDate": null
  }
]