{
  "WorkItem": {
    "AffectedComponent": {
      "Name": "",
      "DisplayName": ""
    },
    "ClosedComment": "",
    "ClosedDate": null,
    "CommentCount": 0,
    "Custom": null,
    "Description": "Modelbinder can not load meta data from another class\nin entityframework EDMX files create model file automatically and we need to add meta data class\n\ni fix in my source based on codes from here:\nhttp://goneale.com/2009/03/04/using-metadatatype-attribute-with-aspnet-mvc-xval-validation-framework/\n\n\nchanges: (ModelBinder.cs)\n\n```\n static void BindControl(object obj, Control page)\nif (obj == null)\n                return;\n\n            var metadataAttrib = obj.GetType().GetCustomAttributes(typeof(MetadataTypeAttribute), true).OfType<MetadataTypeAttribute>().FirstOrDefault();\n            var buddyClassOrModelClass = metadataAttrib != null ? metadataAttrib.MetadataClassType : obj.GetType();\n\n            var properties = buddyClassOrModelClass.GetProperties(BindingFlags.Instance | BindingFlags.Public);\n```\nand some where that load complex type",
    "LastUpdatedDate": "2017-11-29T04:17:42.58-08:00",
    "PlannedForRelease": "",
    "ReleaseVisibleToPublic": false,
    "Priority": {
      "Name": "Unassigned",
      "Severity": 0,
      "Id": 0
    },
    "ProjectName": "webformsmodelbinder",
    "ReportedDate": "2013-03-23T11:10:38.15-07:00",
    "Status": {
      "Name": "Proposed",
      "Id": 1
    },
    "ReasonClosed": {
      "Name": "Unassigned"
    },
    "Summary": "ModelBinder and MetaDataAttribute Problem",
    "Type": {
      "Name": "Issue",
      "Id": 3
    },
    "VoteCount": 1,
    "Id": 1279
  },
  "FileAttachments": [],
  "Comments": [
    {
      "Message": "you need to change every four section that load Properties with this function:\n```\nprivate static Type GetClassOrModelType(Type baseType)\n        {\n            var metadataAttrib = baseType.GetCustomAttributes(typeof(MetadataTypeAttribute), true).OfType<MetadataTypeAttribute>().FirstOrDefault();\n            return metadataAttrib != null ? metadataAttrib.MetadataClassType : baseType;\n        }\n```\r\n\r\nand then change \n```\nvar properties = type.GetProperties();\n```\nto this \n```\nvar properties = GetClassOrModelType(type).GetProperties();\n```",
      "PostedDate": "2013-03-23T11:37:27.87-07:00",
      "Id": -2147483648
    },
    {
      "Message": "",
      "PostedDate": "2013-03-31T23:34:22.373-07:00",
      "Id": -2147483648
    },
    {
      "Message": "",
      "PostedDate": "2017-11-29T04:17:42.58-08:00",
      "Id": -2147483648
    }
  ]
}