{
  "WorkItem": {
    "AffectedComponent": {
      "Name": "",
      "DisplayName": ""
    },
    "ClosedComment": "",
    "ClosedDate": null,
    "CommentCount": 0,
    "Custom": null,
    "Description": "... in which case the control can't be found with regular ID, as asp.net prefix was added automatically. Is there a workaround out there?",
    "LastUpdatedDate": "2016-05-17T19:31:19.23-07:00",
    "PlannedForRelease": "",
    "ReleaseVisibleToPublic": false,
    "Priority": {
      "Name": "Unassigned",
      "Severity": 0,
      "Id": 0
    },
    "ProjectName": "webformsmodelbinder",
    "ReportedDate": "2013-10-14T01:06:47.427-07:00",
    "Status": {
      "Name": "Proposed",
      "Id": 1
    },
    "ReasonClosed": {
      "Name": "Unassigned"
    },
    "Summary": "This doesn't work when using Master page",
    "Type": {
      "Name": "Unassigned",
      "Id": 5
    },
    "VoteCount": 1,
    "Id": 1527
  },
  "FileAttachments": [],
  "Comments": [
    {
      "Message": "__If you site.master.aspx is like this:__\r\n\r\n<body>\n        <form id=\"form1\" runat=\"server\">\n        <asp:ContentPlaceHolder ID=\"ContentPlaceHolder1\" runat=\"server\">\n        \n        </asp:ContentPlaceHolder>\n    </form>\n</body>\r\n\r\n__And the page is like this:__\r\n\r\n<asp:Content ID=\"Content3\" ContentPlaceHolderID=\"ContentPlaceHolder1\" runat=\"server\">\n         <asp:TextBox ID=\"ID\" runat=\"server\"></asp:TextBox>\n        <asp:TextBox ID=\"CompanyName\" runat=\"server\"></asp:TextBox>  \n</asp:Content>\r\n\r\n__In your page.aspx.cs, you should use bind model to \"ContentPlaceHolder\" instead of \"this\":__\r\n\r\n ContentPlaceHolder holder= Page.Master.FindControl(\"ContentPlaceHolder1\") as ContentPlaceHolder;\nModelBinder.BindControl(YOUR_MODEL, holder);\r\n\r\nReference:\n http://www.asp.net/web-forms/overview/older-versions-getting-started/master-pages/control-id-naming-in-content-pages-cs",
      "PostedDate": "2016-05-17T19:31:19.23-07:00",
      "Id": -2147483648
    }
  ]
}