[
  {
    "Id": "0",
    "Name": "Model Binder for ASP.NET Web Forms - Release 1",
    "DevelopmentStatus": "Beta",
    "Description": "* Version 1",
    "ReleasedDatge": "0001-01-01T00:00:00",
    "ModifiedDate": "2011-12-09T00:55:42.253-08:00",
    "Files": [
      {
        "Id": "b3a21260-78a7-48df-b716-80417599a133",
        "FileName": "webformsmodelbinder-8147.zip",
        "Url": "./0/b3a21260-78a7-48df-b716-80417599a133",
        "Type": "Source Code",
        "UploadDate": "2011-12-09T00:50:02.293-08:00"
      }
    ]
  }
]